timestamp,cpu_util,memory_util,error_rate,DEBUG,ERROR,INFO,WARN,chat_count,avg_msg_length,ticket_count,open_count,closed_count,resolved_count,investigating_count,resource_pressure
2025-08-06 22:00:00,59.37702993327409,59.85161530310698,0.005179153474414008,2,1,22,3,15,37.333333333333336,0.0,0.0,0.0,0.0,0.0,59.614322618190535
2025-08-06 23:00:00,52.16008232289689,58.442820410959946,0.005112486139865097,11,13,104,23,54,35.907407407407405,1.0,0.0,0.0,1.0,0.0,55.30145136692842
2025-08-07 00:00:00,54.0551990264443,60.748810411942245,0.004773860455342656,13,14,120,15,58,36.672413793103445,2.0,0.0,0.0,2.0,0.0,57.40200471919327
2025-08-07 01:00:00,56.42334750220489,58.660436550475566,0.004806589967129229,13,22,104,15,67,36.38805970149254,1.0,0.0,0.0,0.0,1.0,57.54189202634023
2025-08-07 02:00:00,56.493183830084945,59.262565915821334,0.005606311016396503,13,12,103,12,62,33.04838709677419,0.0,0.0,0.0,0.0,0.0,57.87787487295314
2025-08-07 03:00:00,54.9911119896243,60.88304690213149,0.004520164576326697,18,15,128,15,61,35.42622950819672,0.0,0.0,0.0,0.0,0.0,57.9370794458779
2025-08-07 04:00:00,55.90659087206337,57.99497109609979,0.0046975596724205355,14,21,99,13,55,36.21818181818182,0.0,0.0,0.0,0.0,0.0,56.950780984081575
2025-08-07 05:00:00,56.40519727581158,60.76978875023412,0.005380725796036231,13,16,104,12,60,34.78333333333333,0.0,0.0,0.0,0.0,0.0,58.58749301302285
2025-08-07 06:00:00,53.81009016841374,61.17908193541118,0.004564568842566843,17,11,101,14,52,35.84615384615385,0.0,0.0,0.0,0.0,0.0,57.494586051912464
2025-08-07 07:00:00,51.470744593894196,60.39829282054619,0.004506387350855646,18,12,110,13,57,36.43859649122807,0.0,0.0,0.0,0.0,0.0,55.93451870722019
2025-08-07 08:00:00,55.80728411502366,63.0306596668095,0.008605594108604132,20,15,105,15,59,36.101694915254235,1.0,0.0,0.0,1.0,0.0,59.41897189091658
2025-08-07 09:00:00,54.792485648091095,60.812193403089765,0.004681084119697977,13,18,92,19,52,35.59615384615385,0.0,0.0,0.0,0.0,0.0,57.802339525590426
2025-08-07 10:00:00,53.84867518090496,59.747880171539386,0.008457787761227098,17,12,109,15,71,35.57746478873239,0.0,0.0,0.0,0.0,0.0,56.79827767622217
2025-08-07 11:00:00,56.22634762859908,60.945989429174205,0.00565688002468453,13,13,107,23,62,34.83870967741935,0.0,0.0,0.0,0.0,0.0,58.586168528886645
2025-08-07 12:00:00,55.91534046252367,58.88293596039693,0.004915627626051913,22,12,99,14,53,35.905660377358494,0.0,0.0,0.0,0.0,0.0,57.3991382114603
2025-08-07 13:00:00,60.61871788255306,60.6563847441804,0.005514628504221539,18,18,94,10,60,32.833333333333336,1.0,1.0,0.0,0.0,0.0,60.63755131336673
2025-08-07 14:00:00,56.495365276222195,60.06340847728302,0.0049973263026862665,17,11,109,10,69,35.44927536231884,1.0,0.0,0.0,0.0,1.0,58.27938687675261
2025-08-07 15:00:00,56.01435833545315,62.774883562699266,0.0055481916624246196,16,9,106,12,61,36.950819672131146,0.0,0.0,0.0,0.0,0.0,59.39462094907621
2025-08-07 16:00:00,56.21021258955928,61.45095090822153,0.004946262422980559,19,17,107,9,60,33.583333333333336,0.0,0.0,0.0,0.0,0.0,58.83058174889041
2025-08-07 17:00:00,57.180968390366694,58.32139072108643,0.005351907700154547,15,13,108,12,55,37.8,0.0,0.0,0.0,0.0,0.0,57.751179555726566
2025-08-07 18:00:00,54.70254445987122,59.67419698688023,0.004955896959606102,14,20,107,18,49,35.55102040816327,1.0,1.0,0.0,0.0,0.0,57.188370723375726
2025-08-07 19:00:00,56.07370561509122,60.6291169283678,0.006958587922435227,27,22,100,18,64,33.984375,0.0,0.0,0.0,0.0,0.0,58.35141127172951
2025-08-07 20:00:00,55.827658775813866,62.73464740794175,0.004302656795814536,15,13,110,11,60,36.4,0.0,0.0,0.0,0.0,0.0,59.28115309187781
2025-08-07 21:00:00,54.6277495730433,59.225144604452126,0.006447222454390722,10,15,117,14,63,36.55555555555556,0.0,0.0,0.0,0.0,0.0,56.926447088747715
2025-08-07 22:00:00,58.11519311980994,59.515186042894825,0.005114231265292706,17,14,115,12,53,34.132075471698116,2.0,1.0,0.0,0.0,1.0,58.815189581352385
2025-08-07 23:00:00,58.02707801005987,62.57566623315438,0.0051344802798746585,17,24,98,11,60,34.28333333333333,0.0,0.0,0.0,0.0,0.0,60.30137212160712
2025-08-08 00:00:00,54.13249082342754,59.65618942743787,0.004313491687244478,17,16,110,11,56,33.732142857142854,0.0,0.0,0.0,0.0,0.0,56.894340125432706
2025-08-08 01:00:00,54.60098666575438,60.56241693376798,0.00517326806413038,15,11,104,14,39,34.17948717948718,1.0,0.0,0.0,0.0,1.0,57.58170179976118
2025-08-08 02:00:00,57.94316541951369,59.302465049800404,0.005647917443861005,14,20,108,24,56,36.607142857142854,0.0,0.0,0.0,0.0,0.0,58.62281523465705
2025-08-08 03:00:00,56.77639070129737,60.71563208754896,0.004884578483570154,17,14,110,19,61,35.278688524590166,0.0,0.0,0.0,0.0,0.0,58.746011394423164
2025-08-08 04:00:00,54.12270166630619,60.48729827588392,0.006466559116544686,8,16,111,17,62,35.24193548387097,0.0,0.0,0.0,0.0,0.0,57.30499997109506
2025-08-08 05:00:00,53.993605070509744,59.588069562954296,0.007488225681502421,18,24,90,14,47,35.93617021276596,2.0,0.0,0.0,1.0,1.0,56.79083731673202
2025-08-08 06:00:00,54.7136489876426,60.18449809322704,0.0049675805131510035,10,15,106,14,63,35.15873015873016,0.0,0.0,0.0,0.0,0.0,57.449073540434824
2025-08-08 07:00:00,57.71749350983994,60.23959839292355,0.005181353824002905,17,12,110,17,65,36.646153846153844,0.0,0.0,0.0,0.0,0.0,58.97854595138175
2025-08-08 08:00:00,53.038537333078324,59.57579829091713,0.005234800799811152,17,12,106,12,56,37.0,0.0,0.0,0.0,0.0,0.0,56.30716781199773
2025-08-08 09:00:00,54.132172016035774,58.07290370611448,0.004872957646354355,28,18,103,15,47,33.59574468085106,1.0,1.0,0.0,0.0,0.0,56.10253786107513
2025-08-08 10:00:00,54.666343755574566,57.67852599331464,0.0068524724412889915,20,10,100,14,62,36.5,0.0,0.0,0.0,0.0,0.0,56.172434874444605
2025-08-08 11:00:00,55.28254131688535,59.72947208430818,0.008610676768233112,16,17,100,19,69,35.79710144927536,0.0,0.0,0.0,0.0,0.0,57.506006700596764
2025-08-08 12:00:00,54.66947986464278,59.341288469800006,0.007399324164965576,17,19,107,15,50,36.18,1.0,0.0,0.0,1.0,0.0,57.00538416722139
2025-08-08 13:00:00,58.25442239256106,59.8187583730074,0.005298307337575303,17,16,112,12,53,33.35849056603774,0.0,0.0,0.0,0.0,0.0,59.036590382784226
2025-08-08 14:00:00,51.895017703705314,58.71057721958997,0.005010302919147684,16,13,107,19,69,35.43478260869565,0.0,0.0,0.0,0.0,0.0,55.30279746164764
2025-08-08 15:00:00,56.443103650570514,61.801782374555955,0.005243969383447738,9,13,113,16,50,35.74,0.0,0.0,0.0,0.0,0.0,59.12244301256324
2025-08-08 16:00:00,56.52726128768764,60.37853509975755,0.005390213025072681,10,20,107,12,62,36.403225806451616,0.0,0.0,0.0,0.0,0.0,58.45289819372259
2025-08-08 17:00:00,55.01674096062531,60.08963676381782,0.00546213582417815,25,12,94,16,65,35.84615384615385,0.0,0.0,0.0,0.0,0.0,57.55318886222157
2025-08-08 18:00:00,55.752712665923994,59.727985347393165,0.005497211550255702,18,7,100,13,55,36.127272727272725,0.0,0.0,0.0,0.0,0.0,57.740349006658576
2025-08-08 19:00:00,56.664653926934825,58.46637192304844,0.004691861234912081,13,17,94,20,58,33.05172413793103,0.0,0.0,0.0,0.0,0.0,57.56551292499164
2025-08-08 20:00:00,57.03140839763796,61.15477685590767,0.0049791789141430485,16,14,94,19,60,36.31666666666667,0.0,0.0,0.0,0.0,0.0,59.093092626772815
2025-08-08 21:00:00,53.210498666794095,61.725013206141604,0.004267625528417637,19,15,97,16,63,35.301587301587304,0.0,0.0,0.0,0.0,0.0,57.46775593646785
2025-08-08 22:00:00,51.80048326102476,60.07673452468446,0.004892152814443934,14,14,106,15,68,35.411764705882355,1.0,0.0,0.0,1.0,0.0,55.93860889285461
2025-08-08 23:00:00,56.50975018276411,60.283260163552114,0.006982756980409482,10,17,111,18,68,37.39705882352941,0.0,0.0,0.0,0.0,0.0,58.39650517315811
2025-08-09 00:00:00,54.73833556027294,60.501086938674874,0.005016309196834195,17,15,109,24,49,34.93877551020408,1.0,1.0,0.0,0.0,0.0,57.61971124947391
2025-08-09 01:00:00,52.11702169945905,59.91286710401372,0.006265262346333599,15,18,90,16,66,35.31818181818182,0.0,0.0,0.0,0.0,0.0,56.014944401736386
2025-08-09 02:00:00,55.04349865502137,59.010398750016776,0.005072218785493069,10,13,112,16,57,36.771929824561404,0.0,0.0,0.0,0.0,0.0,57.02694870251907
2025-08-09 03:00:00,52.79951820652204,58.75741888605906,0.004671646535969065,17,24,99,11,55,35.25454545454546,0.0,0.0,0.0,0.0,0.0,55.77846854629055
2025-08-09 04:00:00,55.78861931353186,59.76762051103085,0.006360986493986215,14,18,120,12,70,37.7,0.0,0.0,0.0,0.0,0.0,57.778119912281355
2025-08-09 05:00:00,56.97899779948395,58.58977273935283,0.007055386710462379,8,11,106,13,66,37.07575757575758,0.0,0.0,0.0,0.0,0.0,57.784385269418394
2025-08-09 06:00:00,54.41487265377175,59.02249079636098,0.005159083844696103,15,20,102,14,45,35.08888888888889,0.0,0.0,0.0,0.0,0.0,56.71868172506636
2025-08-09 07:00:00,57.55494151762498,59.618151908851,0.005371356396939217,15,11,94,15,62,36.16129032258065,0.0,0.0,0.0,0.0,0.0,58.58654671323799
2025-08-09 08:00:00,53.09644220967452,60.328015293511456,0.005815176447151402,13,17,106,16,48,35.833333333333336,0.0,0.0,0.0,0.0,0.0,56.71222875159299
2025-08-09 09:00:00,56.211180979895744,59.82582650930235,0.004358853972483033,17,16,108,18,68,36.10294117647059,1.0,0.0,0.0,0.0,1.0,58.018503744599045
2025-08-09 10:00:00,56.32883337190917,59.86817431864988,0.006792523848551431,22,11,102,19,65,33.76923076923077,0.0,0.0,0.0,0.0,0.0,58.098503845279524
2025-08-09 11:00:00,55.076567825236985,59.846857319526755,0.0052231669678885154,19,11,103,21,60,36.35,0.0,0.0,0.0,0.0,0.0,57.46171257238187
2025-08-09 12:00:00,57.21212848516775,58.41113895466419,0.005523809264654486,11,8,102,13,54,33.629629629629626,1.0,0.0,0.0,1.0,0.0,57.811633719915974
2025-08-09 13:00:00,51.964525668854805,58.287328140656776,0.00472565462715051,13,14,119,12,67,34.67164179104478,1.0,1.0,0.0,0.0,0.0,55.12592690475579
2025-08-09 14:00:00,51.61858527060511,58.30310116462877,0.005685436271316248,18,16,122,12,60,36.416666666666664,0.0,0.0,0.0,0.0,0.0,54.96084321761694
2025-08-09 15:00:00,53.2898214051068,58.29558060515263,0.005223014166395344,11,18,111,18,51,35.549019607843135,0.0,0.0,0.0,0.0,0.0,55.792701005129715
2025-08-09 16:00:00,56.249128720192644,60.11748808565384,0.007517857367246879,13,12,104,22,66,34.696969696969695,2.0,0.0,0.0,0.0,2.0,58.183308402923245
2025-08-09 17:00:00,52.8087158000421,58.11140785874837,0.005200329152896077,13,9,103,16,65,36.76923076923077,0.0,0.0,0.0,0.0,0.0,55.46006182939524
2025-08-09 18:00:00,54.84740614812843,59.09497076358024,0.005097818115845775,15,13,96,18,49,35.244897959183675,0.0,0.0,0.0,0.0,0.0,56.97118845585433
2025-08-09 19:00:00,55.96428737820304,59.770266663950466,0.004674948676982298,12,17,103,15,61,37.459016393442624,0.0,0.0,0.0,0.0,0.0,57.86727702107675
2025-08-09 20:00:00,50.590774421435874,61.18462859186319,0.004785405466726117,10,6,127,16,61,33.885245901639344,1.0,1.0,0.0,0.0,0.0,55.887701506649535
2025-08-09 21:00:00,54.70129653954598,61.37321555430117,0.004519657710622505,14,16,107,11,55,35.67272727272727,0.0,0.0,0.0,0.0,0.0,58.037256046923574
2025-08-09 22:00:00,52.77757072505139,60.60842638318953,0.005185919240325494,14,19,119,14,59,35.42372881355932,2.0,1.0,0.0,1.0,0.0,56.692998554120464
2025-08-09 23:00:00,53.36094863638793,60.76962818919218,0.004818148495107454,11,7,110,14,55,35.96363636363636,1.0,0.0,0.0,1.0,0.0,57.06528841279005
2025-08-10 00:00:00,52.307928024222406,58.83966539574404,0.005431849699683707,20,10,120,15,57,35.666666666666664,1.0,0.0,0.0,0.0,1.0,55.57379670998323
2025-08-10 01:00:00,55.385377230529485,60.228400782214294,0.004683643538719469,15,13,113,16,59,35.220338983050844,0.0,0.0,0.0,0.0,0.0,57.80688900637189
2025-08-10 02:00:00,56.19909030347562,58.50600341481639,0.004975249518781929,10,14,98,12,60,34.733333333333334,1.0,1.0,0.0,0.0,0.0,57.352546859146
2025-08-10 03:00:00,55.50919197248246,59.92209474238484,0.0053008972182105926,17,16,117,16,56,35.57142857142857,0.0,0.0,0.0,0.0,0.0,57.71564335743365
2025-08-10 04:00:00,53.512712522702245,60.99395732354832,0.005938834540833499,13,11,103,15,51,35.76470588235294,0.0,0.0,0.0,0.0,0.0,57.25333492312528
2025-08-10 05:00:00,56.71623266156094,60.16423323273923,0.005224333266271606,16,14,103,15,54,36.05555555555556,0.0,0.0,0.0,0.0,0.0,58.44023294715008
2025-08-10 06:00:00,51.18623885072281,58.86339148025095,0.005388548809244561,13,16,104,15,59,35.779661016949156,1.0,0.0,0.0,0.0,1.0,55.02481516548688
2025-08-10 07:00:00,55.19420156818182,59.346813465966044,0.007645080530783232,14,14,97,11,66,34.53030303030303,0.0,0.0,0.0,0.0,0.0,57.27050751707393
2025-08-10 08:00:00,54.95707016360258,62.018483071837224,0.0047955775195112115,19,12,100,20,56,34.375,0.0,0.0,0.0,0.0,0.0,58.4877766177199
2025-08-10 09:00:00,55.85331090151547,60.2555826573109,0.0043672312454341895,17,9,106,13,61,36.540983606557376,1.0,0.0,0.0,0.0,1.0,58.05444677941318
2025-08-10 10:00:00,57.24694458917324,57.152451644470695,0.005484615128248294,16,22,110,16,58,35.275862068965516,1.0,1.0,0.0,0.0,0.0,57.19969811682196
2025-08-10 11:00:00,55.02717588731449,59.889791520935084,0.004668029719787634,17,13,107,13,62,36.58064516129032,1.0,0.0,0.0,1.0,0.0,57.45848370412479
2025-08-10 12:00:00,54.54138918818686,61.71645760900122,0.005209261611937983,13,25,110,20,55,36.018181818181816,0.0,0.0,0.0,0.0,0.0,58.12892339859404
2025-08-10 13:00:00,55.50904784835388,61.00344812178476,0.007711823327966798,12,12,95,17,54,34.44444444444444,0.0,0.0,0.0,0.0,0.0,58.25624798506932
2025-08-10 14:00:00,55.934846666289396,58.35946337285066,0.00608893325435056,19,17,99,20,61,34.22950819672131,0.0,0.0,0.0,0.0,0.0,57.14715501957003
2025-08-10 15:00:00,52.9235326629738,62.05707962237188,0.005241041533620454,18,9,111,13,62,34.88709677419355,0.0,0.0,0.0,0.0,0.0,57.490306142672836
2025-08-10 16:00:00,51.690523438588954,60.34176122771075,0.004575377358369855,15,15,99,15,60,35.56666666666667,1.0,0.0,0.0,1.0,0.0,56.01614233314985
2025-08-10 17:00:00,53.44402221009354,59.42510956080788,0.00525966687770404,13,14,96,13,66,34.333333333333336,0.0,0.0,0.0,0.0,0.0,56.43456588545071
2025-08-10 18:00:00,54.512058390637904,61.41562727264921,0.010406520910727024,14,15,108,19,70,34.44285714285714,1.0,1.0,0.0,0.0,0.0,57.96384283164356
2025-08-10 19:00:00,56.20460694337857,61.173492361354235,0.007655168704240499,14,20,102,18,57,35.59649122807018,0.0,0.0,0.0,0.0,0.0,58.68904965236641
2025-08-10 20:00:00,55.83711791949887,61.738059775009326,0.0047781087737142946,15,16,113,10,59,36.52542372881356,1.0,0.0,0.0,1.0,0.0,58.7875888472541
2025-08-10 21:00:00,53.96953441966361,60.38411832639968,0.005272907707663221,19,11,115,21,64,36.484375,0.0,0.0,0.0,0.0,0.0,57.176826373031645
2025-08-10 22:00:00,52.33898855446395,58.96505818444655,0.005096869518236271,14,14,103,22,45,36.22222222222222,0.0,0.0,0.0,0.0,0.0,55.65202336945525
2025-08-10 23:00:00,54.37219335381262,59.04894487854482,0.005245021734374724,24,10,111,12,57,35.91228070175438,0.0,0.0,0.0,0.0,0.0,56.71056911617872
2025-08-11 00:00:00,48.6601805874282,62.33772164142603,0.004997709663212581,13,15,108,14,58,35.172413793103445,0.0,0.0,0.0,0.0,0.0,55.498951114427115
2025-08-11 01:00:00,53.50674694928502,58.83937805777787,0.0048818949389748565,12,17,112,14,56,34.232142857142854,0.0,0.0,0.0,0.0,0.0,56.17306250353144
2025-08-11 02:00:00,57.54795814805277,59.88567858611175,0.009922007183453778,18,13,105,16,73,35.47945205479452,0.0,0.0,0.0,0.0,0.0,58.71681836708226
2025-08-11 03:00:00,58.818826769245355,59.63160586027721,0.00541317578300634,9,11,110,21,64,34.75,0.0,0.0,0.0,0.0,0.0,59.22521631476128
2025-08-11 04:00:00,55.089372197003776,60.95096338411616,0.007512045405228534,14,16,108,13,56,35.035714285714285,0.0,0.0,0.0,0.0,0.0,58.02016779055997
2025-08-11 05:00:00,54.498902945736134,62.364049835469174,0.004965718729264947,18,13,111,10,69,35.26086956521739,0.0,0.0,0.0,0.0,0.0,58.431476390602654
2025-08-11 06:00:00,54.182436629173644,59.40858357204469,0.0054865520482435684,11,13,112,9,57,35.8421052631579,1.0,1.0,0.0,0.0,0.0,56.795510100609164
2025-08-11 07:00:00,54.748074897505646,59.42616659638478,0.005122163768668383,24,14,107,18,58,36.224137931034484,0.0,0.0,0.0,0.0,0.0,57.08712074694522
2025-08-11 08:00:00,55.58557557435329,60.577798249671545,0.005060578437923408,17,15,119,20,46,36.78260869565217,0.0,0.0,0.0,0.0,0.0,58.081686912012415
2025-08-11 09:00:00,54.04879261610024,59.05818458056866,0.004626455199969602,11,14,110,14,57,33.92982456140351,0.0,0.0,0.0,0.0,0.0,56.553488598334454
2025-08-11 10:00:00,50.51631820777547,60.21434983355961,0.004744421622796958,9,20,110,12,61,34.868852459016395,0.0,0.0,0.0,0.0,0.0,55.36533402066754
2025-08-11 11:00:00,55.46028793669375,58.77919223236567,0.006933676557377045,20,11,112,12,63,35.73015873015873,1.0,0.0,0.0,0.0,1.0,57.11974008452971
2025-08-11 12:00:00,55.14899872153237,58.302997229886714,0.004706017787771621,20,12,120,16,69,36.01449275362319,1.0,1.0,0.0,0.0,0.0,56.72599797570955
2025-08-11 13:00:00,53.87600216839179,59.33015408473239,0.005249372444472786,16,21,112,9,69,35.231884057971016,1.0,0.0,0.0,1.0,0.0,56.603078126562096
2025-08-11 14:00:00,55.05046584487994,59.135165733556846,0.004556361520255193,19,18,87,16,60,34.166666666666664,0.0,0.0,0.0,0.0,0.0,57.09281578921839
2025-08-11 15:00:00,54.452411009161004,60.83090151712091,0.004753545348246192,15,14,101,16,68,36.80882352941177,0.0,0.0,0.0,0.0,0.0,57.64165626314096
2025-08-11 16:00:00,52.6868999718951,58.6780909118936,0.00456583711052551,13,13,125,12,71,36.070422535211264,0.0,0.0,0.0,0.0,0.0,55.682495441894346
2025-08-11 17:00:00,52.66489799457632,61.809645545171975,0.004562125081564876,17,20,86,20,60,37.166666666666664,0.0,0.0,0.0,0.0,0.0,57.23727176987415
2025-08-11 18:00:00,55.759797348970196,57.956735883695465,0.005549527557690326,16,18,97,16,59,35.57627118644068,0.0,0.0,0.0,0.0,0.0,56.85826661633283
2025-08-11 19:00:00,58.04640952113566,57.99949022174381,0.007779534762293515,15,15,93,16,59,34.610169491525426,0.0,0.0,0.0,0.0,0.0,58.022949871439735
2025-08-11 20:00:00,54.638253750457906,57.979295223647476,0.006689732875207297,13,19,103,20,71,34.74647887323944,1.0,0.0,0.0,1.0,0.0,56.30877448705269
2025-08-11 21:00:00,53.21007440520357,60.34769578881859,0.00665583874730439,10,18,107,13,61,36.0,0.0,0.0,0.0,0.0,0.0,56.778885097011084
2025-08-11 22:00:00,55.3239705532297,57.39881379895719,0.00529524387823758,15,11,92,22,56,34.92857142857143,0.0,0.0,0.0,0.0,0.0,56.361392176093446
2025-08-11 23:00:00,56.11097358082764,59.27000306090209,0.004955373076569514,14,20,108,11,61,35.540983606557376,1.0,0.0,0.0,1.0,0.0,57.690488320864866
2025-08-12 00:00:00,54.7381983824024,59.953031967136454,0.007029008108475892,13,12,104,17,57,35.63157894736842,0.0,0.0,0.0,0.0,0.0,57.34561517476943
2025-08-12 01:00:00,56.67779804414015,59.194123595221626,0.005087288075714153,11,16,95,15,61,35.114754098360656,0.0,0.0,0.0,0.0,0.0,57.935960819680886
2025-08-12 02:00:00,54.946226794318456,60.693639989269364,0.005354937672669447,14,13,107,8,60,34.583333333333336,0.0,0.0,0.0,0.0,0.0,57.81993339179391
2025-08-12 03:00:00,53.78728033367561,60.14955944177336,0.004911560473814544,19,17,109,16,63,34.03174603174603,0.0,0.0,0.0,0.0,0.0,56.96841988772449
2025-08-12 04:00:00,53.24122206906997,59.32802283811124,0.005241344611168162,16,12,98,22,52,35.17307692307692,1.0,0.0,0.0,0.0,1.0,56.2846224535906
2025-08-12 05:00:00,53.076107483617264,59.26926685227657,0.007426632922281088,18,15,112,12,63,36.19047619047619,0.0,0.0,0.0,0.0,0.0,56.17268716794692
2025-08-12 06:00:00,53.68236627724086,61.38282494624106,0.004695810000673108,10,12,91,14,66,35.984848484848484,0.0,0.0,0.0,0.0,0.0,57.53259561174096
2025-08-12 07:00:00,57.515074228826784,60.14346970504907,0.005056794983026549,11,12,112,15,68,35.26470588235294,0.0,0.0,0.0,0.0,0.0,58.829271966937924
2025-08-12 08:00:00,56.14785248371762,60.582354088370835,0.00471103059517527,19,11,107,26,63,35.79365079365079,0.0,0.0,0.0,0.0,0.0,58.36510328604423
2025-08-12 09:00:00,56.04298648290781,59.036496154343006,0.005303483876456482,14,15,96,6,61,36.442622950819676,1.0,0.0,0.0,0.0,1.0,57.5397413186254
2025-08-12 10:00:00,54.68655332617852,60.09486669519233,0.004321154471690338,18,12,96,21,58,34.810344827586206,0.0,0.0,0.0,0.0,0.0,57.390710010685424
2025-08-12 11:00:00,57.648324734807346,60.92307137095335,0.008001288959950717,15,8,110,15,60,35.86666666666667,1.0,0.0,0.0,0.0,1.0,59.28569805288035
2025-08-12 12:00:00,55.137224312901026,60.080058327502,0.00479269041943478,8,15,123,8,63,37.285714285714285,0.0,0.0,0.0,0.0,0.0,57.608641320201514
2025-08-12 13:00:00,52.798007541413504,60.678469555844735,0.008307240212066705,17,15,107,8,67,33.492537313432834,0.0,0.0,0.0,0.0,0.0,56.73823854862912
2025-08-12 14:00:00,54.821358114653755,60.953740810493066,0.004595110838298615,15,12,110,15,71,35.394366197183096,1.0,1.0,0.0,0.0,0.0,57.88754946257341
2025-08-12 15:00:00,54.62255253928689,59.48798992165016,0.004270012681938852,13,24,108,17,63,36.698412698412696,0.0,0.0,0.0,0.0,0.0,57.05527123046853
2025-08-12 16:00:00,55.26206926960675,64.10286328762926,0.004347592280018456,14,18,104,14,55,35.054545454545455,2.0,0.0,0.0,2.0,0.0,59.68246627861801
2025-08-12 17:00:00,58.28239501226053,60.65809062742111,0.0054525875645606925,10,10,111,17,60,35.416666666666664,0.0,0.0,0.0,0.0,0.0,59.47024281984082
2025-08-12 18:00:00,56.01580583889053,59.99911387403063,0.005260622723982011,10,19,101,12,72,36.44444444444444,0.0,0.0,0.0,0.0,0.0,58.00745985646058
2025-08-12 19:00:00,53.58345282905427,59.54183725373101,0.0052684124619976624,13,15,118,18,58,36.793103448275865,2.0,1.0,0.0,0.0,1.0,56.56264504139264
2025-08-12 20:00:00,54.96871556706336,61.844623141889286,0.005150588900221816,18,14,95,18,67,34.62686567164179,0.0,0.0,0.0,0.0,0.0,58.40666935447632
2025-08-12 21:00:00,56.761936772008504,59.05407008990689,0.00553674287824293,15,13,114,20,59,34.50847457627118,0.0,0.0,0.0,0.0,0.0,57.90800343095769
2025-08-12 22:00:00,54.92512979354046,60.976931328566884,0.007251882984462556,12,14,108,12,63,35.61904761904762,1.0,1.0,0.0,0.0,0.0,57.95103056105367
2025-08-12 23:00:00,58.41728630164031,60.33644060855047,0.0047553554433764625,12,14,114,15,56,35.857142857142854,1.0,0.0,0.0,0.0,1.0,59.37686345509539
2025-08-13 00:00:00,56.67317075280286,59.42262188724822,0.004799076523639504,10,18,99,17,55,36.14545454545455,1.0,0.0,0.0,1.0,0.0,58.047896320025544
2025-08-13 01:00:00,54.29091722339299,58.16501067068516,0.005210416092848501,10,10,110,14,65,36.46153846153846,0.0,0.0,0.0,0.0,0.0,56.22796394703907
2025-08-13 02:00:00,52.45636789740543,60.34653817607948,0.004739349985306146,13,15,107,14,58,36.60344827586207,2.0,0.0,0.0,0.0,2.0,56.40145303674245
2025-08-13 03:00:00,54.485183548350825,59.60673069865401,0.005274349372005095,7,15,100,19,47,36.765957446808514,1.0,0.0,0.0,0.0,1.0,57.04595712350242
2025-08-13 04:00:00,56.86010149502696,59.85175524087969,0.006257941979987803,20,11,93,17,55,33.29090909090909,0.0,0.0,0.0,0.0,0.0,58.355928367953325
2025-08-13 05:00:00,54.14584052974144,60.53044865842445,0.007329369941671691,11,13,107,17,62,37.016129032258064,0.0,0.0,0.0,0.0,0.0,57.33814459408295
2025-08-13 06:00:00,60.154057330967575,59.40360233866303,0.004891563186732938,12,15,110,17,57,34.64912280701754,1.0,1.0,0.0,0.0,0.0,59.7788298348153
2025-08-13 07:00:00,54.33889728419664,59.99127882776319,0.004573923789326154,8,18,109,11,65,36.04615384615385,0.0,0.0,0.0,0.0,0.0,57.165088055979915
2025-08-13 08:00:00,51.60543898063899,58.82690203971276,0.006028040015933325,12,13,102,9,56,36.410714285714285,1.0,1.0,0.0,0.0,0.0,55.21617051017588
2025-08-13 09:00:00,55.221454868494995,58.56264274143449,0.00747003322554965,11,13,104,15,47,36.12765957446808,0.0,0.0,0.0,0.0,0.0,56.892048804964745
2025-08-13 10:00:00,55.149940183494984,60.092103669542865,0.006259649742707137,17,10,96,10,46,36.54347826086956,0.0,0.0,0.0,0.0,0.0,57.62102192651892
2025-08-13 11:00:00,54.560079159503836,57.99697718387639,0.005177227711663879,16,12,104,17,64,33.8125,1.0,1.0,0.0,0.0,0.0,56.27852817169011
2025-08-13 12:00:00,54.023440724616286,58.542627816720454,0.007329213453359288,12,10,115,16,69,35.507246376811594,0.0,0.0,0.0,0.0,0.0,56.28303427066837
2025-08-13 13:00:00,57.04914626930009,61.72596853730853,0.007562110987705539,14,17,99,14,72,35.208333333333336,0.0,0.0,0.0,0.0,0.0,59.387557403304314
2025-08-13 14:00:00,53.42596511654295,57.889559824417056,0.00506725321964247,14,21,101,13,62,37.11290322580645,0.0,0.0,0.0,0.0,0.0,55.65776247048
2025-08-13 15:00:00,56.306572705923415,60.14935208065562,0.00492983038111783,15,14,103,14,65,37.01538461538462,1.0,0.0,0.0,0.0,1.0,58.227962393289516
2025-08-13 16:00:00,53.924592703613826,60.25943310999242,0.004555581687179987,15,16,101,22,65,35.723076923076924,0.0,0.0,0.0,0.0,0.0,57.09201290680312
2025-08-13 17:00:00,53.269335507919145,61.4613173709275,0.004844142362501525,14,8,101,20,70,35.614285714285714,0.0,0.0,0.0,0.0,0.0,57.36532643942333
2025-08-13 18:00:00,53.53466700654111,57.939290550791036,0.004489385180444624,20,20,93,11,70,36.92857142857143,0.0,0.0,0.0,0.0,0.0,55.73697877866607
2025-08-13 19:00:00,57.164292337397846,60.007461379925736,0.0046945731742310415,15,15,92,19,63,36.38095238095238,1.0,1.0,0.0,0.0,0.0,58.58587685866179
2025-08-13 20:00:00,54.81393008698655,57.367987782551545,0.007050990696413226,9,20,106,11,57,36.03508771929825,0.0,0.0,0.0,0.0,0.0,56.09095893476905
2025-08-13 21:00:00,55.59837355474191,60.625807892261484,0.0046772361550290196,14,16,110,9,76,36.5,2.0,1.0,0.0,0.0,1.0,58.112090723501694
2025-08-13 22:00:00,52.98164034146506,59.04862556883733,0.0049642617998450255,14,20,102,15,54,33.425925925925924,1.0,0.0,0.0,0.0,1.0,56.015132955151195
2025-08-13 23:00:00,51.40013174485061,58.86424071715867,0.004575482465439454,15,19,108,14,66,36.333333333333336,0.0,0.0,0.0,0.0,0.0,55.13218623100464
2025-08-14 00:00:00,57.53254568228508,57.54696811336123,0.0048546610550618515,16,18,111,20,62,36.66129032258065,2.0,1.0,0.0,0.0,1.0,57.53975689782315
2025-08-14 01:00:00,54.51039424624291,59.461702776972366,0.0050917147471574425,16,17,94,25,62,35.88709677419355,1.0,1.0,0.0,0.0,0.0,56.986048511607635
2025-08-14 02:00:00,57.0479875729055,58.55648182338031,0.004386196003258122,11,12,121,10,70,35.457142857142856,0.0,0.0,0.0,0.0,0.0,57.802234698142904
2025-08-14 03:00:00,54.62042478527427,57.30288077307642,0.0049334295839061435,5,16,110,18,67,34.95522388059702,0.0,0.0,0.0,0.0,0.0,55.96165277917534
2025-08-14 04:00:00,55.28709051765052,59.34617250015376,0.004917805678378346,17,21,100,18,64,35.171875,0.0,0.0,0.0,0.0,0.0,57.31663150890214
2025-08-14 05:00:00,54.55294842121618,60.87398259445177,0.005265292243443312,19,12,95,13,62,36.29032258064516,0.0,0.0,0.0,0.0,0.0,57.71346550783397
2025-08-14 06:00:00,52.67004296246467,60.908347107860095,0.007302323470424173,13,18,98,16,51,33.588235294117645,0.0,0.0,0.0,0.0,0.0,56.78919503516238
2025-08-14 07:00:00,56.63146788470554,60.11647054661223,0.004961455411027994,12,10,116,17,75,35.42666666666667,0.0,0.0,0.0,0.0,0.0,58.37396921565889
2025-08-14 08:00:00,53.28424017872717,59.61080916945522,0.007786264800999298,16,14,93,14,51,36.78431372549019,1.0,0.0,0.0,0.0,1.0,56.4475246740912
2025-08-14 09:00:00,50.878149822031034,60.50472351950945,0.004598137979072854,17,12,97,16,63,36.04761904761905,0.0,0.0,0.0,0.0,0.0,55.691436670770244
2025-08-14 10:00:00,56.69241147899839,59.42662097761363,0.005649931075990507,12,11,123,14,54,37.129629629629626,1.0,0.0,0.0,1.0,0.0,58.05951622830601
2025-08-14 11:00:00,53.24973148301595,61.804119927864626,0.0046481531738048944,18,16,96,20,63,35.87301587301587,0.0,0.0,0.0,0.0,0.0,57.52692570544029
2025-08-14 12:00:00,51.69576467471831,58.751745448071794,0.004967421979250569,16,20,114,14,52,35.88461538461539,1.0,0.0,0.0,0.0,1.0,55.22375506139505
2025-08-14 13:00:00,55.16868758255235,60.214335447527624,0.004833876253925808,21,20,108,16,52,34.86538461538461,0.0,0.0,0.0,0.0,0.0,57.69151151503999
2025-08-14 14:00:00,55.602131771620435,60.425029984177634,0.0050708929776080705,17,17,100,17,64,36.28125,0.0,0.0,0.0,0.0,0.0,58.01358087789903
2025-08-14 15:00:00,53.31229967838476,60.723699570627325,0.004551239854469476,18,18,90,14,49,35.10204081632653,2.0,2.0,0.0,0.0,0.0,57.01799962450605
2025-08-14 16:00:00,55.63011357361232,61.199645763760216,0.0051326451439086766,16,16,96,19,57,37.3859649122807,2.0,1.0,0.0,1.0,0.0,58.41487966868627
2025-08-14 17:00:00,55.77292753861205,59.2710684768334,0.004716611147274545,12,16,104,11,50,35.06,1.0,0.0,0.0,1.0,0.0,57.52199800772273
2025-08-14 18:00:00,56.96279893177647,59.20698721984945,0.00504923235033326,11,22,106,19,64,35.96875,1.0,0.0,0.0,0.0,1.0,58.08489307581296
2025-08-14 19:00:00,53.60819686758465,58.862602587074754,0.004695749085517934,10,20,111,13,67,35.55223880597015,0.0,0.0,0.0,0.0,0.0,56.23539972732971
2025-08-14 20:00:00,53.40571534388924,59.58376434862751,0.004858000831449033,7,15,104,17,72,34.94444444444444,0.0,0.0,0.0,0.0,0.0,56.494739846258376
2025-08-14 21:00:00,52.81834506560005,61.59227843061153,0.005367245706188443,17,18,122,19,68,35.1764705882353,0.0,0.0,0.0,0.0,0.0,57.205311748105785
2025-08-14 22:00:00,54.96730728825384,61.38714688920241,0.009096527616788789,24,9,89,21,64,36.90625,0.0,0.0,0.0,0.0,0.0,58.17722708872813
2025-08-14 23:00:00,57.62639953405317,59.26605969558285,0.004966228695955919,13,18,92,14,62,35.75806451612903,0.0,0.0,0.0,0.0,0.0,58.44622961481801
2025-08-15 00:00:00,58.03580532228942,61.05694963613108,0.005449720568766868,10,12,105,16,58,35.724137931034484,0.0,0.0,0.0,0.0,0.0,59.54637747921025
2025-08-15 01:00:00,54.68409060249393,60.201241727013624,0.005702673088993846,14,12,107,13,64,34.4375,0.0,0.0,0.0,0.0,0.0,57.442666164753774
2025-08-15 02:00:00,54.8705037661102,59.784605592146725,0.007052777384354517,11,21,100,18,66,36.09090909090909,1.0,0.0,0.0,1.0,0.0,57.32755467912846
2025-08-15 03:00:00,54.78832819596685,61.146893079457456,0.005731669705927959,16,8,111,19,56,36.160714285714285,0.0,0.0,0.0,0.0,0.0,57.967610637712156
2025-08-15 04:00:00,53.2580738850486,59.72464194296641,0.005792395988357632,19,10,109,10,56,35.089285714285715,2.0,0.0,0.0,2.0,0.0,56.49135791400751
2025-08-15 05:00:00,54.752432341418256,58.77163671736129,0.005667671760098941,9,16,116,11,68,34.76470588235294,0.0,0.0,0.0,0.0,0.0,56.76203452938977
2025-08-15 06:00:00,51.68189088969998,59.21752176873595,0.005407729222985934,13,16,94,12,50,36.54,0.0,0.0,0.0,0.0,0.0,55.44970632921796
2025-08-15 07:00:00,58.169246094363174,58.84023185355832,0.007110148402317581,15,17,108,19,56,37.67857142857143,1.0,1.0,0.0,0.0,0.0,58.50473897396075
2025-08-15 08:00:00,56.94119693675488,60.60770353455523,0.005029787004003667,17,10,103,14,58,34.46551724137931,1.0,0.0,0.0,1.0,0.0,58.77445023565505
2025-08-15 09:00:00,53.87306463145756,59.822222873525256,0.004837956313793625,12,12,118,11,54,36.44444444444444,1.0,1.0,0.0,0.0,0.0,56.84764375249141
2025-08-15 10:00:00,58.36886213607327,59.19286620591165,0.004490524868232519,20,19,105,9,65,35.23076923076923,1.0,0.0,0.0,1.0,0.0,58.78086417099246
2025-08-15 11:00:00,55.44147420057757,59.36237330470662,0.005406771859873179,14,15,103,11,58,36.06896551724138,1.0,0.0,0.0,1.0,0.0,57.40192375264209
2025-08-15 12:00:00,53.72735020257593,61.14547931898178,0.004607944252031153,19,12,103,20,68,36.05882352941177,0.0,0.0,0.0,0.0,0.0,57.43641476077885
2025-08-15 13:00:00,54.10687800244638,58.75960272841902,0.005135693740143458,18,13,105,14,62,35.225806451612904,0.0,0.0,0.0,0.0,0.0,56.433240365432695
2025-08-15 14:00:00,54.94865219351744,60.77653019813502,0.005855158944566474,9,14,128,6,60,36.416666666666664,0.0,0.0,0.0,0.0,0.0,57.86259119582623
2025-08-15 15:00:00,53.02094110294372,59.896386212184105,0.00505234225654785,10,9,116,13,61,34.01639344262295,0.0,0.0,0.0,0.0,0.0,56.45866365756392
2025-08-15 16:00:00,54.058979947738095,59.43411909634415,0.005174657483944813,18,13,98,18,65,36.93846153846154,0.0,0.0,0.0,0.0,0.0,56.74654952204112
2025-08-15 17:00:00,57.055724955599224,59.31874671471538,0.004709032826762377,19,15,94,18,61,37.21311475409836,1.0,0.0,0.0,0.0,1.0,58.1872358351573
2025-08-15 18:00:00,54.8441338821795,58.77973386689699,0.004432824361719005,13,13,109,15,56,37.107142857142854,2.0,1.0,0.0,1.0,0.0,56.81193387453824
2025-08-15 19:00:00,57.186136515563895,58.492091611977706,0.005917646970861289,20,16,109,12,64,36.265625,0.0,0.0,0.0,0.0,0.0,57.8391140637708
2025-08-15 20:00:00,54.92074937266225,60.055573465648216,0.005007085379684796,16,11,107,11,56,36.232142857142854,1.0,0.0,0.0,0.0,1.0,57.48816141915523
2025-08-15 21:00:00,52.130115726678476,57.677816494914765,0.00480160268747999,13,15,115,24,54,34.18518518518518,0.0,0.0,0.0,0.0,0.0,54.90396611079662
2025-08-15 22:00:00,54.91450040266121,57.880599069983454,0.007317310978180195,14,19,105,16,48,35.041666666666664,1.0,0.0,0.0,0.0,1.0,56.39754973632233
2025-08-15 23:00:00,53.40855873140328,58.663020749913784,0.004769478323705718,14,15,110,15,62,33.483870967741936,1.0,0.0,0.0,0.0,1.0,56.03578974065853
2025-08-16 00:00:00,60.92598623711972,58.630051599442275,0.005975591609248988,12,17,92,20,58,36.39655172413793,0.0,0.0,0.0,0.0,0.0,59.778018918281
2025-08-16 01:00:00,54.632218482931044,59.351997102740356,0.004268447421002667,15,14,104,14,62,35.91935483870968,0.0,0.0,0.0,0.0,0.0,56.9921077928357
2025-08-16 02:00:00,57.27860304815807,60.34785328094175,0.006581106911429927,8,11,103,12,64,33.34375,0.0,0.0,0.0,0.0,0.0,58.81322816454991
2025-08-16 03:00:00,56.88585774998125,61.34746554808727,0.006166636355758532,16,7,98,16,65,37.13846153846154,1.0,0.0,0.0,0.0,1.0,59.116661649034256
2025-08-16 04:00:00,55.36707749788436,58.904547831900786,0.0049112298543138614,13,12,108,15,69,36.405797101449274,1.0,1.0,0.0,0.0,0.0,57.13581266489257
2025-08-16 05:00:00,54.35735352520199,58.64169700545588,0.007823474054921897,20,15,82,10,68,35.89705882352941,0.0,0.0,0.0,0.0,0.0,56.499525265328934
2025-08-16 06:00:00,54.365828191480055,59.88046303221749,0.004583169753084957,15,18,95,8,62,35.38709677419355,1.0,0.0,0.0,1.0,0.0,57.12314561184877
2025-08-16 07:00:00,56.182963914083935,62.94256152214697,0.0057704540182554765,12,14,101,17,67,36.507462686567166,0.0,0.0,0.0,0.0,0.0,59.56276271811545
2025-08-16 08:00:00,54.73618764437289,60.029881680606856,0.005736193751509885,15,13,112,9,56,36.82142857142857,1.0,0.0,0.0,1.0,0.0,57.38303466248988
2025-08-16 09:00:00,55.2868559236257,58.68322926853452,0.00476767035578142,20,18,98,12,53,34.9622641509434,1.0,1.0,0.0,0.0,0.0,56.985042596080106
2025-08-16 10:00:00,59.491883148509906,61.92174251769615,0.004769777482263199,14,19,93,14,62,35.03225806451613,0.0,0.0,0.0,0.0,0.0,60.70681283310303
2025-08-16 11:00:00,53.73007867857756,60.87999597817333,0.00483425554813636,21,11,114,19,57,36.05263157894737,0.0,0.0,0.0,0.0,0.0,57.30503732837545
2025-08-16 12:00:00,54.17829347060931,60.24066305867813,0.005218446073686463,20,17,94,13,62,36.79032258064516,1.0,1.0,0.0,0.0,0.0,57.20947826464372
2025-08-16 13:00:00,59.83323267735912,62.113281064450575,0.005449444995959522,17,9,112,12,56,34.035714285714285,1.0,0.0,0.0,0.0,1.0,60.97325687090485
2025-08-16 14:00:00,52.85740236099232,61.487614553699665,0.005233176945167621,6,15,98,12,59,34.94915254237288,2.0,0.0,0.0,0.0,2.0,57.17250845734599
2025-08-16 15:00:00,56.19397335334652,58.59430452007034,0.004713706679566934,18,14,107,17,56,37.035714285714285,0.0,0.0,0.0,0.0,0.0,57.39413893670843
2025-08-16 16:00:00,54.8887402973867,58.980803405940165,0.004382162765983899,19,17,96,16,51,35.6078431372549,3.0,2.0,0.0,0.0,1.0,56.93477185166343
2025-08-16 17:00:00,54.16179402048965,61.55304420767545,0.004918226263387606,9,16,117,11,59,35.57627118644068,0.0,0.0,0.0,0.0,0.0,57.857419114082546
2025-08-16 18:00:00,55.62731375148495,61.1355281690837,0.004451606271436181,17,16,93,21,62,35.66129032258065,1.0,0.0,0.0,1.0,0.0,58.38142096028432
2025-08-16 19:00:00,55.84835928916642,59.49556011136839,0.006854585911129014,21,10,102,13,55,35.67272727272727,0.0,0.0,0.0,0.0,0.0,57.67195970026741
2025-08-16 20:00:00,57.107710548565706,60.69853764511705,0.005221037629534063,15,12,97,16,70,36.5,0.0,0.0,0.0,0.0,0.0,58.90312409684138
2025-08-16 21:00:00,54.24913771606471,60.92889646436276,0.006703639446709994,19,15,109,9,51,34.6078431372549,2.0,1.0,0.0,1.0,0.0,57.58901709021373
2025-08-16 22:00:00,56.226403669098325,58.693643439535904,0.005210460738015092,21,19,96,12,52,35.76923076923077,0.0,0.0,0.0,0.0,0.0,57.46002355431712
2025-08-16 23:00:00,54.42036693418924,59.51399580327983,0.004819966015187877,15,13,105,16,64,35.53125,0.0,0.0,0.0,0.0,0.0,56.967181368734536
2025-08-17 00:00:00,56.251370217111976,58.889659368421725,0.005430289179288063,15,10,112,15,71,35.971830985915496,1.0,1.0,0.0,0.0,0.0,57.57051479276685
2025-08-17 01:00:00,51.17152978780896,59.97422389148733,0.00827192171252261,20,15,107,12,62,35.11290322580645,0.0,0.0,0.0,0.0,0.0,55.572876839648146
2025-08-17 02:00:00,57.62471512656666,59.94419249447184,0.004474041650867687,15,16,96,14,66,36.81818181818182,0.0,0.0,0.0,0.0,0.0,58.78445381051925
2025-08-17 03:00:00,55.85152947417934,62.74485268166885,0.0077579649977206405,15,19,98,15,58,35.87931034482759,2.0,1.0,0.0,0.0,1.0,59.298191077924095
2025-08-17 04:00:00,54.297735160478666,60.61390187138654,0.0046535424627292075,10,16,110,16,59,35.79661016949152,1.0,0.0,0.0,1.0,0.0,57.455818515932606
2025-08-17 05:00:00,55.188363680995955,60.051821810994106,0.005299465949377003,16,12,110,21,61,35.21311475409836,1.0,1.0,0.0,0.0,0.0,57.62009274599503
2025-08-17 06:00:00,56.90757217019854,64.76328026333492,0.005489866660252993,15,16,107,16,75,35.586666666666666,0.0,0.0,0.0,0.0,0.0,60.835426216766734
2025-08-17 07:00:00,55.712369176324074,59.92467316998082,0.00797774734053297,12,10,106,15,56,33.910714285714285,0.0,0.0,0.0,0.0,0.0,57.81852117315245
2025-08-17 08:00:00,57.137076287407574,62.048298856695496,0.005502079140073962,15,12,127,17,51,35.78431372549019,0.0,0.0,0.0,0.0,0.0,59.59268757205153
2025-08-17 09:00:00,54.15573697863917,60.55649693206865,0.00499841083113527,14,18,114,11,74,37.513513513513516,0.0,0.0,0.0,0.0,0.0,57.35611695535391
2025-08-17 10:00:00,52.94786064876975,60.54131584572407,0.006042440267994128,16,13,116,11,58,33.89655172413793,0.0,0.0,0.0,0.0,0.0,56.74458824724691
2025-08-17 11:00:00,53.30029469605871,59.281288210178346,0.010758440327601116,11,21,105,14,66,34.25757575757576,1.0,0.0,0.0,0.0,1.0,56.29079145311853
2025-08-17 12:00:00,59.7779948920656,59.37349468525881,0.00526330441869995,22,18,97,16,54,37.75925925925926,0.0,0.0,0.0,0.0,0.0,59.575744788662206
2025-08-17 13:00:00,52.997025318617936,59.467780046071354,0.005666992042520145,16,9,118,12,74,35.67567567567568,0.0,0.0,0.0,0.0,0.0,56.23240268234464
2025-08-17 14:00:00,51.34514425437573,59.354849726731445,0.005462462965768197,15,19,108,14,46,35.26086956521739,0.0,0.0,0.0,0.0,0.0,55.34999699055359
2025-08-17 15:00:00,55.85018855015207,61.08649658643042,0.004834961907059472,14,12,97,9,56,35.642857142857146,0.0,0.0,0.0,0.0,0.0,58.46834256829125
2025-08-17 16:00:00,57.26147177686164,63.344075986270894,0.004783664359713661,11,25,111,13,59,36.33898305084746,0.0,0.0,0.0,0.0,0.0,60.30277388156627
2025-08-17 17:00:00,54.40562015133344,60.167945890743844,0.0044784929934075495,16,13,109,14,44,35.02272727272727,1.0,0.0,0.0,1.0,0.0,57.286783021038644
2025-08-17 18:00:00,52.9378189106799,60.666657286367254,0.004690427356701125,15,15,103,18,52,37.23076923076923,0.0,0.0,0.0,0.0,0.0,56.802238098523574
2025-08-17 19:00:00,55.244796056181734,60.5415515730583,0.0055880589613017785,21,17,89,12,67,35.11940298507463,0.0,0.0,0.0,0.0,0.0,57.89317381462001
2025-08-17 20:00:00,51.95703334032592,60.03122440311998,0.005152900731090556,16,14,100,11,60,34.6,1.0,0.0,0.0,1.0,0.0,55.99412887172295
2025-08-17 21:00:00,55.34560187664842,57.74115025949462,0.0064614998031367185,14,8,96,23,63,36.0,0.0,0.0,0.0,0.0,0.0,56.543376068071524
2025-08-17 22:00:00,57.71059188832961,61.393088445073225,0.004740774417347676,24,15,108,17,67,34.92537313432836,0.0,0.0,0.0,0.0,0.0,59.55184016670142
2025-08-17 23:00:00,55.99752721183189,60.42137156174905,0.0052082420641456385,13,14,100,19,51,35.372549019607845,3.0,0.0,0.0,0.0,3.0,58.20944938679047
2025-08-18 00:00:00,56.0920098171164,60.52786828632621,0.00537981800491114,6,18,109,16,68,37.01470588235294,1.0,1.0,0.0,0.0,0.0,58.3099390517213
2025-08-18 01:00:00,57.00637701460254,58.389169503244425,0.00514262838561763,12,12,112,18,57,35.43859649122807,0.0,0.0,0.0,0.0,0.0,57.69777325892348
2025-08-18 02:00:00,53.635209558033566,61.403419904096914,0.006162064970152041,14,17,100,11,59,34.79661016949152,0.0,0.0,0.0,0.0,0.0,57.519314731065236
2025-08-18 03:00:00,58.134015106821955,60.13341657447442,0.005907024813033193,15,14,119,19,67,34.91044776119403,1.0,0.0,0.0,0.0,1.0,59.133715840648186
2025-08-18 04:00:00,55.26875073428062,58.01549873104207,0.008427455294250557,17,8,105,14,58,36.06896551724138,0.0,0.0,0.0,0.0,0.0,56.642124732661344
2025-08-18 05:00:00,55.40814603514343,60.38108415423241,0.00468387278669154,11,12,105,7,54,36.24074074074074,0.0,0.0,0.0,0.0,0.0,57.89461509468792
2025-08-18 06:00:00,53.82183851855827,59.482940472548,0.004955476028357733,20,12,110,16,60,35.4,0.0,0.0,0.0,0.0,0.0,56.65238949555314
2025-08-18 07:00:00,51.72837349640364,60.17677841712058,0.005134447821042446,14,17,113,13,59,34.23728813559322,2.0,0.0,0.0,2.0,0.0,55.95257595676211
2025-08-18 08:00:00,55.50156899098222,61.09667101536196,0.0044910500575610825,15,17,113,12,55,36.8,0.0,0.0,0.0,0.0,0.0,58.29912000317209
2025-08-18 09:00:00,57.191711282123634,61.322845147452476,0.005219040336533282,18,13,100,18,50,36.36,0.0,0.0,0.0,0.0,0.0,59.25727821478806
2025-08-18 10:00:00,55.72380770549155,59.80613303816447,0.005038990341230539,18,22,81,15,54,36.46296296296296,1.0,0.0,0.0,1.0,0.0,57.764970371828014
2025-08-18 11:00:00,55.35053154362361,61.34435865354968,0.004996051345439305,15,9,98,18,52,34.34615384615385,0.0,0.0,0.0,0.0,0.0,58.34744509858665
2025-08-18 12:00:00,55.44892871482456,61.93173085505645,0.004870277992322678,11,10,117,11,50,35.32,0.0,0.0,0.0,0.0,0.0,58.6903297849405
2025-08-18 13:00:00,55.64679905501255,59.195912936398855,0.0044657286813551385,20,21,91,18,60,36.1,0.0,0.0,0.0,0.0,0.0,57.4213559957057
2025-08-18 14:00:00,56.141742313932426,62.11371363605928,0.004409498489221244,15,14,108,15,57,33.8421052631579,0.0,0.0,0.0,0.0,0.0,59.12772797499585
2025-08-18 15:00:00,54.953964520220026,57.35039446336571,0.0077475409233028385,15,14,90,19,67,36.08955223880597,2.0,2.0,0.0,0.0,0.0,56.152179491792864
2025-08-18 16:00:00,56.65404767899826,60.21088027380577,0.004889609552591162,10,18,102,22,68,35.529411764705884,1.0,1.0,0.0,0.0,0.0,58.43246397640202
2025-08-18 17:00:00,54.17752561330199,61.42564356234249,0.005499010839646281,17,17,109,19,59,35.45762711864407,1.0,1.0,0.0,0.0,0.0,57.80158458782224
2025-08-18 18:00:00,55.752828159551335,59.054279722845784,0.005457146785785702,15,12,94,15,68,35.588235294117645,0.0,0.0,0.0,0.0,0.0,57.40355394119856
2025-08-18 19:00:00,53.70965162893546,60.80563329750896,0.004774259163843847,21,14,98,11,46,34.58695652173913,2.0,0.0,0.0,2.0,0.0,57.25764246322221
2025-08-18 20:00:00,56.66692322327973,59.465654412285154,0.007500039754824497,11,12,116,14,61,35.81967213114754,0.0,0.0,0.0,0.0,0.0,58.06628881778244
2025-08-18 21:00:00,57.043997997021854,60.67433595679255,0.009377353406918067,13,15,103,19,64,34.953125,2.0,0.0,0.0,0.0,2.0,58.859166976907204
2025-08-18 22:00:00,56.91168857249309,61.08597176272763,0.005193240134603784,16,12,108,15,55,34.872727272727275,0.0,0.0,0.0,0.0,0.0,58.998830167610365
2025-08-18 23:00:00,58.159323992938454,59.371615489555424,0.004785444514392003,13,19,99,14,60,36.36666666666667,0.0,0.0,0.0,0.0,0.0,58.76546974124694
2025-08-19 00:00:00,52.921827223136226,60.818206491586906,0.004752694237995442,21,13,94,19,75,36.306666666666665,1.0,0.0,0.0,0.0,1.0,56.87001685736156
2025-08-19 01:00:00,53.0954794416546,59.64149500245927,0.005535863026476171,15,11,103,12,70,35.98571428571429,0.0,0.0,0.0,0.0,0.0,56.368487222056935
2025-08-19 02:00:00,57.85540795526628,61.55248409175929,0.00510868107702862,17,16,109,9,66,35.53030303030303,0.0,0.0,0.0,0.0,0.0,59.703946023512785
2025-08-19 03:00:00,57.53334325120709,59.23470484967485,0.00483851187470294,9,13,106,11,67,35.95522388059702,1.0,0.0,0.0,0.0,1.0,58.38402405044097
2025-08-19 04:00:00,56.06594234299403,61.811316930000935,0.005072491322329669,17,14,105,6,66,33.92424242424242,1.0,1.0,0.0,0.0,0.0,58.93862963649748
2025-08-19 05:00:00,56.84025365839039,59.4122750632491,0.004730213346126185,19,16,119,11,60,36.333333333333336,2.0,0.0,0.0,2.0,0.0,58.12626436081975
2025-08-19 06:00:00,55.69110817506201,59.42521019595681,0.008953921570735275,17,12,115,12,60,35.56666666666667,1.0,0.0,0.0,1.0,0.0,57.55815918550941
2025-08-19 07:00:00,52.54790431074718,60.888402528289944,0.005114053462340115,8,9,109,9,62,36.274193548387096,1.0,0.0,0.0,1.0,0.0,56.71815341951856
2025-08-19 08:00:00,51.62523863169921,58.32041001950234,0.00486655748338908,13,22,114,13,67,36.0,0.0,0.0,0.0,0.0,0.0,54.972824325600776
2025-08-19 09:00:00,55.31046945307585,61.55393293505971,0.005412121994234163,13,16,111,11,57,36.40350877192982,0.0,0.0,0.0,0.0,0.0,58.43220119406778
2025-08-19 10:00:00,56.9128614783701,57.82088197634525,0.0061605407707996385,12,20,106,18,60,36.06666666666667,0.0,0.0,0.0,0.0,0.0,57.366871727357676
2025-08-19 11:00:00,54.315871301107656,60.14292069285632,0.004684781563386644,14,17,94,10,65,36.58461538461538,0.0,0.0,0.0,0.0,0.0,57.22939599698199
2025-08-19 12:00:00,54.736869959987054,61.459941501722234,0.004745640822163955,18,16,100,23,56,36.410714285714285,0.0,0.0,0.0,0.0,0.0,58.098405730854644
2025-08-19 13:00:00,57.77055533979786,59.46816482457934,0.004721472040476026,11,16,97,11,64,34.09375,0.0,0.0,0.0,0.0,0.0,58.6193600821886
2025-08-19 14:00:00,54.26067241776583,61.07901046687888,0.004870218648928026,13,12,105,17,60,36.2,0.0,0.0,0.0,0.0,0.0,57.66984144232235
2025-08-19 15:00:00,55.03785705515029,59.07150393141443,0.0077513614912094525,15,12,100,18,66,36.09090909090909,0.0,0.0,0.0,0.0,0.0,57.05468049328236
2025-08-19 16:00:00,58.316074772386564,60.84950242334671,0.005513436308059461,20,13,110,14,61,35.16393442622951,0.0,0.0,0.0,0.0,0.0,59.58278859786664
2025-08-19 17:00:00,53.890649895394304,59.916011591061384,0.005449718956779262,11,15,104,21,55,37.10909090909091,0.0,0.0,0.0,0.0,0.0,56.90333074322784
2025-08-19 18:00:00,56.207488686935,60.23046613732477,0.005576096537497021,14,13,116,16,62,35.61290322580645,1.0,0.0,0.0,1.0,0.0,58.21897741212989
2025-08-19 19:00:00,54.19906169695062,61.61323441580511,0.00499740021736959,14,25,97,15,53,35.0,0.0,0.0,0.0,0.0,0.0,57.906148056377866
2025-08-19 20:00:00,54.95979610655628,60.19569369726246,0.008025345958375367,15,14,99,20,53,34.62264150943396,3.0,1.0,0.0,0.0,2.0,57.57774490190937
2025-08-19 21:00:00,54.36556634947098,59.37361141929478,0.004850225029094676,17,13,110,14,56,36.67857142857143,0.0,0.0,0.0,0.0,0.0,56.86958888438288
2025-08-19 22:00:00,52.588413443320476,59.4683500233309,0.005308605718703783,17,16,110,11,62,33.75806451612903,0.0,0.0,0.0,0.0,0.0,56.02838173332569
2025-08-19 23:00:00,55.6670360580194,59.77556470541238,0.004681051174746121,16,10,112,22,73,34.602739726027394,0.0,0.0,0.0,0.0,0.0,57.72130038171589
2025-08-20 00:00:00,56.76439710618873,59.72801478701465,0.005468782769879762,16,15,112,14,62,35.33870967741935,1.0,0.0,0.0,0.0,1.0,58.24620594660169
2025-08-20 01:00:00,52.77872358228588,57.78339531977826,0.00637326267972803,13,18,110,10,64,35.453125,1.0,1.0,0.0,0.0,0.0,55.281059451032064
2025-08-20 02:00:00,51.77152413423955,61.65061748067287,0.005019203213527945,15,12,99,17,60,35.61666666666667,0.0,0.0,0.0,0.0,0.0,56.71107080745621
2025-08-20 03:00:00,56.59153029889675,62.470257324733225,0.006347556632420171,18,14,99,11,56,35.19642857142857,1.0,0.0,0.0,0.0,1.0,59.53089381181499
2025-08-20 04:00:00,55.41421088309019,61.68950239723942,0.006034126277923816,10,18,95,19,51,36.78431372549019,1.0,0.0,0.0,0.0,1.0,58.55185664016481
2025-08-20 05:00:00,53.35082364999276,60.52482655950815,0.005535904941433361,17,18,96,8,68,36.029411764705884,0.0,0.0,0.0,0.0,0.0,56.93782510475046
2025-08-20 06:00:00,56.98479769440256,58.88433851688153,0.0049857580501853635,16,15,96,23,54,36.370370370370374,0.0,0.0,0.0,0.0,0.0,57.93456810564204
2025-08-20 07:00:00,55.99196157954859,59.53829898367554,0.005697850681510123,9,14,114,15,51,36.372549019607845,1.0,0.0,0.0,1.0,0.0,57.76513028161206
2025-08-20 08:00:00,57.20311778687936,58.28975826733136,0.007341510979994125,17,17,104,24,55,36.27272727272727,0.0,0.0,0.0,0.0,0.0,57.746438027105356
2025-08-20 09:00:00,56.619806151667916,62.403031539597755,0.008878800150801676,21,10,103,16,55,36.85454545454545,1.0,0.0,0.0,1.0,0.0,59.51141884563283
2025-08-20 10:00:00,53.66584050361747,63.10851393164742,0.0076756901694061104,14,17,115,21,60,33.733333333333334,0.0,0.0,0.0,0.0,0.0,58.38717721763244
2025-08-20 11:00:00,54.92021715131829,60.06228574581721,0.005165135370293837,5,22,113,11,52,35.09615384615385,1.0,1.0,0.0,0.0,0.0,57.49125144856775
2025-08-20 12:00:00,53.798523310353204,58.54349611995145,0.004596222858791715,8,21,125,18,53,34.867924528301884,1.0,1.0,0.0,0.0,0.0,56.17100971515232
2025-08-20 13:00:00,57.856776049115744,60.62275436397172,0.004667163388875143,20,14,108,14,49,35.285714285714285,1.0,0.0,0.0,1.0,0.0,59.23976520654374
2025-08-20 14:00:00,53.566615725108676,60.8800155723103,0.005081797172109369,18,13,107,15,66,35.21212121212121,1.0,1.0,0.0,0.0,0.0,57.22331564870949
2025-08-20 15:00:00,55.156363103263516,58.596593518964184,0.00474320405643292,16,11,108,14,59,35.74576271186441,0.0,0.0,0.0,0.0,0.0,56.87647831111385
2025-08-20 16:00:00,59.655746875516876,60.86923530653449,0.005510705622790102,12,13,116,12,51,34.627450980392155,0.0,0.0,0.0,0.0,0.0,60.26249109102568
2025-08-20 17:00:00,55.170935867612116,58.555533731630696,0.005031096185356961,12,10,106,11,71,35.23943661971831,0.0,0.0,0.0,0.0,0.0,56.86323479962141
2025-08-20 18:00:00,51.94381358800015,59.70321756688599,0.0050008708017834375,7,14,107,19,50,35.44,1.0,1.0,0.0,0.0,0.0,55.82351557744307
2025-08-20 19:00:00,54.630679377844345,59.37425048224395,0.005299600218734262,12,18,104,18,63,34.333333333333336,1.0,0.0,0.0,0.0,1.0,57.00246493004415
2025-08-20 20:00:00,53.97612385849423,60.11884529692438,0.007484279819081005,15,17,100,15,65,35.69230769230769,1.0,0.0,0.0,1.0,0.0,57.047484577709305
2025-08-20 21:00:00,54.05604518141034,62.99315689864599,0.004223992894144424,19,20,102,8,65,36.96923076923077,0.0,0.0,0.0,0.0,0.0,58.524601040028166
2025-08-20 22:00:00,56.207716594434046,59.9023681149737,0.0051131028751832544,10,17,108,17,70,36.542857142857144,1.0,0.0,0.0,1.0,0.0,58.05504235470387
2025-08-20 23:00:00,54.74924977951857,61.153284555519775,0.00478655110803962,14,17,114,12,56,36.375,2.0,1.0,0.0,0.0,1.0,57.95126716751918
2025-08-21 00:00:00,52.0952728913393,57.32044772248451,0.005384382893465403,16,13,100,21,64,36.828125,0.0,0.0,0.0,0.0,0.0,54.707860306911904
2025-08-21 01:00:00,54.913620536028,60.53545638404442,0.004846258490958048,14,14,102,14,63,36.82539682539682,0.0,0.0,0.0,0.0,0.0,57.724538460036214
2025-08-21 02:00:00,55.83318747842359,60.487691975386646,0.004808532640221937,17,17,99,15,62,36.725806451612904,1.0,1.0,0.0,0.0,0.0,58.16043972690512
2025-08-21 03:00:00,51.615863234174824,61.32829144668056,0.005172038888116909,13,21,103,17,52,35.69230769230769,0.0,0.0,0.0,0.0,0.0,56.47207734042769
2025-08-21 04:00:00,54.044755503829315,57.35323602674474,0.0051429175188658326,20,17,97,12,72,36.166666666666664,1.0,1.0,0.0,0.0,0.0,55.69899576528702
2025-08-21 05:00:00,54.63900174109575,58.49476122027421,0.006685099514273745,12,12,98,16,61,36.22950819672131,0.0,0.0,0.0,0.0,0.0,56.566881480684984
2025-08-21 06:00:00,55.730587517195026,61.15707515794547,0.008446912336680844,18,11,103,14,72,35.263888888888886,1.0,0.0,0.0,0.0,1.0,58.443831337570245
2025-08-21 07:00:00,54.51836520417484,60.80526746932786,0.00453450831548799,19,6,111,15,45,34.48888888888889,0.0,0.0,0.0,0.0,0.0,57.66181633675135
2025-08-21 08:00:00,56.05889412820587,59.296559455898496,0.0046036008871185195,18,12,106,16,54,37.611111111111114,1.0,0.0,0.0,0.0,1.0,57.677726792052184
2025-08-21 09:00:00,51.36667416194658,61.58536348813943,0.004707640484776922,11,15,101,10,62,36.41935483870968,1.0,0.0,0.0,0.0,1.0,56.476018825043
2025-08-21 10:00:00,55.62725992017234,61.623649440962616,0.005673026848669697,13,14,106,20,52,35.28846153846154,1.0,1.0,0.0,0.0,0.0,58.62545468056748
2025-08-21 11:00:00,54.264951492261325,60.19620397590265,0.005415161819602925,15,21,105,15,61,35.32786885245902,0.0,0.0,0.0,0.0,0.0,57.23057773408199
2025-08-21 12:00:00,57.18099242331092,59.59820298488512,0.004747127624779584,12,18,108,23,53,36.113207547169814,0.0,0.0,0.0,0.0,0.0,58.38959770409802
2025-08-21 13:00:00,56.33887667850897,59.844455755911504,0.006197657054817547,12,16,105,20,62,34.46774193548387,1.0,0.0,0.0,1.0,0.0,58.09166621721023
2025-08-21 14:00:00,56.56948286333482,59.314176942354415,0.00483490735698465,13,20,97,15,68,36.23529411764706,2.0,1.0,0.0,1.0,0.0,57.94182990284462
2025-08-21 15:00:00,55.78952681850937,60.42951555725128,0.004956970284550483,14,12,104,19,48,35.625,0.0,0.0,0.0,0.0,0.0,58.109521187880325
2025-08-21 16:00:00,53.34760448516672,59.902235583490764,0.007951836858412727,10,14,115,14,56,35.892857142857146,0.0,0.0,0.0,0.0,0.0,56.62492003432874
2025-08-21 17:00:00,53.98861521316914,59.926938566494194,0.004786411768307795,17,13,103,14,73,36.16438356164384,2.0,1.0,0.0,1.0,0.0,56.95777688983166
2025-08-21 18:00:00,56.0517811312949,58.2412464910138,0.007863635265924615,16,7,100,18,57,36.280701754385966,0.0,0.0,0.0,0.0,0.0,57.14651381115435
2025-08-21 19:00:00,55.74292358378518,60.78053227508705,0.006025509809181785,14,21,94,16,61,35.32786885245902,1.0,0.0,0.0,1.0,0.0,58.26172792943611
2025-08-21 20:00:00,53.64082629034133,58.72703146429031,0.005158432060592022,9,13,122,13,63,34.44444444444444,1.0,1.0,0.0,0.0,0.0,56.18392887731582
2025-08-21 21:00:00,55.96038636652374,61.90790092106804,0.004459274665438009,13,20,101,17,57,35.473684210526315,0.0,0.0,0.0,0.0,0.0,58.93414364379589
2025-08-21 22:00:00,55.42308662147454,59.34856928354702,0.004868260732021578,17,23,92,13,52,36.11538461538461,1.0,0.0,0.0,1.0,0.0,57.38582795251078
2025-08-21 23:00:00,55.82771375392311,60.86876261114567,0.005310835350559105,14,12,100,16,56,35.464285714285715,0.0,0.0,0.0,0.0,0.0,58.34823818253439
2025-08-22 00:00:00,56.421547655657506,57.046307844946085,0.006993356118523713,15,17,105,12,49,36.89795918367347,2.0,1.0,0.0,0.0,1.0,56.733927750301795
2025-08-22 01:00:00,55.64262407162031,59.14386518673311,0.0054337006961145086,14,14,115,14,51,36.11764705882353,0.0,0.0,0.0,0.0,0.0,57.393244629176706
2025-08-22 02:00:00,53.916793794781576,60.14731668354461,0.0049659043810560445,14,22,99,15,51,34.1764705882353,0.0,0.0,0.0,0.0,0.0,57.03205523916309
2025-08-22 03:00:00,58.017424064275474,58.36076553960923,0.004998848177708371,17,8,106,9,54,34.53703703703704,1.0,1.0,0.0,0.0,0.0,58.18909480194235
2025-08-22 04:00:00,55.3207866632012,60.29481395633676,0.00569348182080888,11,25,107,11,65,36.07692307692308,0.0,0.0,0.0,0.0,0.0,57.80780030976898
2025-08-22 05:00:00,54.714369713946084,60.35290441107937,0.004880159676312704,22,8,118,9,62,35.62903225806452,0.0,0.0,0.0,0.0,0.0,57.533637062512724
2025-08-22 06:00:00,54.962297186287756,58.5861411463439,0.0051670767187369775,11,12,108,15,63,34.26984126984127,2.0,0.0,0.0,1.0,1.0,56.77421916631583
2025-08-22 07:00:00,54.03981234283213,59.474736803055166,0.0045397526474249255,18,16,95,19,64,36.4375,0.0,0.0,0.0,0.0,0.0,56.75727457294364
2025-08-22 08:00:00,52.96892402084636,56.789028939608194,0.005122570674325006,11,11,103,9,60,37.416666666666664,3.0,1.0,0.0,1.0,1.0,54.87897648022728
2025-08-22 09:00:00,50.59575209657184,56.63641080908708,0.00516201027200604,15,17,116,18,61,33.42622950819672,1.0,0.0,0.0,1.0,0.0,53.61608145282946
2025-08-22 10:00:00,52.64032330568138,57.18253232775338,0.0050359709103070934,10,13,110,13,47,36.212765957446805,2.0,1.0,0.0,1.0,0.0,54.91142781671738
2025-08-22 11:00:00,50.70500758133343,60.521902934381,0.004887887526323101,14,11,101,15,56,35.05357142857143,0.0,0.0,0.0,0.0,0.0,55.61345525785722
2025-08-22 12:00:00,55.304018780238145,60.30695785134129,0.005427178671219573,14,12,103,18,52,34.94230769230769,1.0,0.0,0.0,1.0,0.0,57.80548831578972
2025-08-22 13:00:00,53.153412329546526,60.332021191031345,0.004814115944627924,18,15,110,12,72,36.18055555555556,1.0,0.0,0.0,1.0,0.0,56.742716760288936
2025-08-22 14:00:00,57.84506442812086,61.128811433859575,0.005316680824166395,14,18,101,17,64,35.328125,1.0,0.0,0.0,0.0,1.0,59.486937930990216
2025-08-22 15:00:00,55.74390621058101,61.7837460425862,0.005343469553145907,11,11,111,11,52,34.13461538461539,0.0,0.0,0.0,0.0,0.0,58.76382612658361
2025-08-22 16:00:00,50.35461453120881,60.317741213248624,0.006534232963616967,13,18,104,21,68,35.1764705882353,0.0,0.0,0.0,0.0,0.0,55.33617787222872
2025-08-22 17:00:00,55.76914482111532,59.603938050526516,0.005558422778627118,7,18,112,19,55,35.836363636363636,2.0,0.0,0.0,1.0,1.0,57.686541435820914
2025-08-22 18:00:00,55.77210846682467,60.52625501910354,0.004353649498922528,14,13,99,16,55,34.63636363636363,0.0,0.0,0.0,0.0,0.0,58.1491817429641
2025-08-22 19:00:00,56.084563943700495,60.752526503456686,0.006383198995064873,14,10,108,12,61,34.81967213114754,0.0,0.0,0.0,0.0,0.0,58.41854522357859
2025-08-22 20:00:00,56.60908791164059,59.645194745438616,0.004909692504738635,16,10,101,15,60,35.583333333333336,1.0,1.0,0.0,0.0,0.0,58.12714132853961
2025-08-22 21:00:00,53.382154032901404,56.609501263251346,0.005535128217931835,21,17,109,18,67,36.1044776119403,0.0,0.0,0.0,0.0,0.0,54.99582764807637
2025-08-22 22:00:00,55.05778965813142,60.21325355397837,0.004921030317550259,14,15,116,15,55,35.18181818181818,1.0,1.0,0.0,0.0,0.0,57.635521606054894
2025-08-22 23:00:00,53.49178793760641,61.24529555492086,0.0045266329444928555,10,12,108,15,45,33.577777777777776,1.0,1.0,0.0,0.0,0.0,57.36854174626363
2025-08-23 00:00:00,54.47505065730624,62.0512845200828,0.008940648745208139,23,13,100,14,60,36.03333333333333,0.0,0.0,0.0,0.0,0.0,58.26316758869452
2025-08-23 01:00:00,54.02767949335499,58.94707225575121,0.00497673673616403,24,15,108,14,55,36.03636363636364,0.0,0.0,0.0,0.0,0.0,56.487375874553095
2025-08-23 02:00:00,56.03761594206044,58.76779815388067,0.004997717631462847,10,20,102,15,58,33.06896551724138,1.0,0.0,0.0,1.0,0.0,57.40270704797055
2025-08-23 03:00:00,54.3862190492665,57.61205534430907,0.00756730206866974,17,19,107,20,60,34.18333333333333,0.0,0.0,0.0,0.0,0.0,55.999137196787785
2025-08-23 04:00:00,55.783942900666624,59.29811926082976,0.005066537466142427,9,21,119,11,63,34.76190476190476,0.0,0.0,0.0,0.0,0.0,57.54103108074819
2025-08-23 05:00:00,59.93462816559001,60.08641543841747,0.004857139326416598,18,12,109,10,55,36.50909090909091,1.0,1.0,0.0,0.0,0.0,60.01052180200374
2025-08-23 06:00:00,57.31431621080183,58.84966777069226,0.0049599576250166245,12,14,105,17,64,35.53125,0.0,0.0,0.0,0.0,0.0,58.08199199074704
2025-08-23 07:00:00,50.90148994848253,60.75685606692123,0.006218630094661288,17,16,87,17,57,37.56140350877193,0.0,0.0,0.0,0.0,0.0,55.82917300770188
2025-08-23 08:00:00,56.85607273291542,60.76556817838925,0.0052504360871561285,10,19,102,20,55,34.56363636363636,0.0,0.0,0.0,0.0,0.0,58.81082045565233
2025-08-23 09:00:00,54.214535863108814,60.86498146070725,0.005774954096747291,20,11,94,21,57,36.78947368421053,0.0,0.0,0.0,0.0,0.0,57.53975866190803
2025-08-23 10:00:00,52.460370945026206,61.66872994550349,0.0041485102489721305,15,16,106,23,62,35.5,0.0,0.0,0.0,0.0,0.0,57.06455044526485
2025-08-23 11:00:00,53.7959676906929,59.095920473588144,0.004707659479482786,19,13,103,21,61,35.049180327868854,2.0,0.0,0.0,1.0,1.0,56.44594408214052
2025-08-23 12:00:00,55.97579560042765,61.52894339517818,0.005093080788391415,13,17,113,15,62,36.064516129032256,0.0,0.0,0.0,0.0,0.0,58.75236949780292
2025-08-23 13:00:00,51.06546411669717,58.33446322269505,0.005217089551835837,17,16,112,13,63,34.523809523809526,0.0,0.0,0.0,0.0,0.0,54.69996366969611
2025-08-23 14:00:00,58.087710760856844,61.53471129530363,0.005026890718825393,12,11,94,20,58,35.8448275862069,1.0,0.0,0.0,0.0,1.0,59.81121102808024
2025-08-23 15:00:00,55.59092583804196,61.291776624314494,0.00503703889317438,13,12,119,17,55,34.127272727272725,1.0,0.0,0.0,1.0,0.0,58.44135123117823
2025-08-23 16:00:00,54.19881080831804,59.60414178252415,0.005225897613334953,15,12,97,23,64,35.921875,0.0,0.0,0.0,0.0,0.0,56.9014762954211
2025-08-23 17:00:00,59.48727175624556,61.06809771763419,0.005499003463584613,17,9,115,8,63,34.111111111111114,0.0,0.0,0.0,0.0,0.0,60.277684736939875
2025-08-23 18:00:00,50.0199340818464,59.632801503484764,0.004629416988312002,14,14,108,12,62,35.145161290322584,2.0,0.0,0.0,1.0,1.0,54.82636779266558
2025-08-23 19:00:00,54.10445168255526,60.149931577133636,0.004732257987139197,18,10,109,17,56,36.07142857142857,0.0,0.0,0.0,0.0,0.0,57.12719162984445
2025-08-23 20:00:00,54.81945309237765,60.916500339177865,0.0077998062866486365,15,14,105,13,71,34.816901408450704,1.0,0.0,0.0,0.0,1.0,57.86797671577776
2025-08-23 21:00:00,54.679359153170786,61.463475941720255,0.004502006805597579,14,17,110,20,53,35.45283018867924,0.0,0.0,0.0,0.0,0.0,58.07141754744552
2025-08-23 22:00:00,54.77225685417558,58.99109004468132,0.005143746971041838,19,18,110,12,53,36.62264150943396,0.0,0.0,0.0,0.0,0.0,56.88167344942845
2025-08-23 23:00:00,53.57880402437158,60.631458917003265,0.007157631657721641,18,17,102,14,58,37.56896551724138,0.0,0.0,0.0,0.0,0.0,57.105131470687425
2025-08-24 00:00:00,57.381368898892575,62.11702556339661,0.005307162515134707,21,14,107,13,58,36.06896551724138,0.0,0.0,0.0,0.0,0.0,59.74919723114459
2025-08-24 01:00:00,52.093098843915065,60.54627540767603,0.006479669249065607,14,15,93,12,61,36.52459016393443,1.0,1.0,0.0,0.0,0.0,56.31968712579555
2025-08-24 02:00:00,52.825196074902856,58.47833170107991,0.006798923789695002,15,10,108,11,73,36.78082191780822,1.0,1.0,0.0,0.0,0.0,55.65176388799138
2025-08-24 03:00:00,54.772433979556894,58.77955898307098,0.0064255989300005785,11,22,94,19,55,35.56363636363636,0.0,0.0,0.0,0.0,0.0,56.77599648131394
2025-08-24 04:00:00,53.896202509552516,59.75198555124455,0.0046627892954047515,16,13,95,11,57,34.85964912280702,1.0,0.0,0.0,0.0,1.0,56.824094030398534
2025-08-24 05:00:00,54.53595060036596,58.86805681846278,0.005618753918725997,16,16,111,11,48,33.645833333333336,0.0,0.0,0.0,0.0,0.0,56.70200370941437
2025-08-24 06:00:00,55.35360870200661,62.757807473720185,0.005026796120141774,17,16,98,18,44,36.65909090909091,0.0,0.0,0.0,0.0,0.0,59.055708087863394
2025-08-24 07:00:00,57.74827950586415,60.305766504973036,0.005138870746641645,8,4,40,9,28,33.107142857142854,0.0,0.0,0.0,0.0,0.0,59.02702300541859
