{"module": "keras.src.models.functional", "class_name": "Functional", "config": {"name": "functional", "trainable": true, "layers": [{"module": "keras.layers", "class_name": "InputLayer", "config": {"batch_shape": [null, 20, 7], "dtype": "float32", "sparse": false, "name": "input_layer"}, "registered_name": null, "name": "input_layer", "inbound_nodes": []}, {"module": "keras.layers", "class_name": "LSTM", "config": {"name": "lstm", "trainable": true, "dtype": {"module": "keras", "class_name": "DTypePolicy", "config": {"name": "float32"}, "registered_name": null}, "return_sequences": false, "return_state": false, "go_backwards": false, "stateful": false, "unroll": false, "zero_output_for_mask": false, "units": 8, "activation": "tanh", "recurrent_activation": "sigmoid", "use_bias": true, "kernel_initializer": {"module": "keras.initializers", "class_name": "GlorotUniform", "config": {"seed": null}, "registered_name": null}, "recurrent_initializer": {"module": "keras.initializers", "class_name": "Orthogonal", "config": {"seed": null, "gain": 1.0}, "registered_name": null}, "bias_initializer": {"module": "keras.initializers", "class_name": "Zeros", "config": {}, "registered_name": null}, "unit_forget_bias": true, "kernel_regularizer": null, "recurrent_regularizer": null, "bias_regularizer": null, "activity_regularizer": null, "kernel_constraint": null, "recurrent_constraint": null, "bias_constraint": null, "dropout": 0.2, "recurrent_dropout": 0.1, "seed": null}, "registered_name": null, "build_config": {"input_shape": [null, 20, 7]}, "name": "lstm", "inbound_nodes": [{"args": [{"class_name": "__keras_tensor__", "config": {"shape": [null, 20, 7], "dtype": "float32", "keras_history": ["input_layer", 0, 0]}}], "kwargs": {"training": false, "mask": null}}]}, {"module": "keras.layers", "class_name": "RepeatVector", "config": {"name": "repeat_vector", "trainable": true, "dtype": {"module": "keras", "class_name": "DTypePolicy", "config": {"name": "float32"}, "registered_name": null}, "n": 20}, "registered_name": null, "build_config": {"input_shape": [null, 8]}, "name": "repeat_vector", "inbound_nodes": [{"args": [{"class_name": "__keras_tensor__", "config": {"shape": [null, 8], "dtype": "float32", "keras_history": ["lstm", 0, 0]}}], "kwargs": {}}]}, {"module": "keras.layers", "class_name": "LSTM", "config": {"name": "lstm_1", "trainable": true, "dtype": {"module": "keras", "class_name": "DTypePolicy", "config": {"name": "float32"}, "registered_name": null}, "return_sequences": true, "return_state": false, "go_backwards": false, "stateful": false, "unroll": false, "zero_output_for_mask": false, "units": 7, "activation": "tanh", "recurrent_activation": "sigmoid", "use_bias": true, "kernel_initializer": {"module": "keras.initializers", "class_name": "GlorotUniform", "config": {"seed": null}, "registered_name": null}, "recurrent_initializer": {"module": "keras.initializers", "class_name": "Orthogonal", "config": {"seed": null, "gain": 1.0}, "registered_name": null}, "bias_initializer": {"module": "keras.initializers", "class_name": "Zeros", "config": {}, "registered_name": null}, "unit_forget_bias": true, "kernel_regularizer": null, "recurrent_regularizer": null, "bias_regularizer": null, "activity_regularizer": null, "kernel_constraint": null, "recurrent_constraint": null, "bias_constraint": null, "dropout": 0.2, "recurrent_dropout": 0.1, "seed": null}, "registered_name": null, "build_config": {"input_shape": [null, 20, 8]}, "name": "lstm_1", "inbound_nodes": [{"args": [{"class_name": "__keras_tensor__", "config": {"shape": [null, 20, 8], "dtype": "float32", "keras_history": ["repeat_vector", 0, 0]}}], "kwargs": {"training": false, "mask": null}}]}], "input_layers": [["input_layer", 0, 0]], "output_layers": [["lstm_1", 0, 0]]}, "registered_name": "Functional", "build_config": {"input_shape": null}, "compile_config": {"optimizer": {"module": "keras.optimizers", "class_name": "Adam", "config": {"name": "adam", "learning_rate": 0.0010000000474974513, "weight_decay": null, "clipnorm": null, "global_clipnorm": null, "clipvalue": null, "use_ema": false, "ema_momentum": 0.99, "ema_overwrite_frequency": null, "loss_scale_factor": null, "gradient_accumulation_steps": null, "beta_1": 0.9, "beta_2": 0.999, "epsilon": 1e-07, "amsgrad": false}, "registered_name": null}, "loss": {"module": "keras.losses", "class_name": "MeanSquaredError", "config": {"name": "mean_squared_error", "reduction": "sum_over_batch_size"}, "registered_name": null}, "loss_weights": null, "metrics": ["mae"], "weighted_metrics": null, "run_eagerly": false, "steps_per_execution": 1, "jit_compile": false}}